DROP TABLE IF EXISTS musicas;
DROP TABLE IF EXISTS albums;
DROP TABLE IF EXISTS artistas;

CREATE TABLE artistas (
  id UUID PRIMARY KEY,
  nome VARCHAR(255) NOT NULL
);

CREATE TABLE albums (
  id UUID PRIMARY KEY,
  titulo VARCHAR(255) NOT NULL,
  data_de_lancamento VARCHAR(255),
  capa_url VARCHAR(255),
  artista_id UUID NOT NULL REFERENCES artistas(id)
);

CREATE TABLE musicas (
  id UUID PRIMARY KEY,
  titulo VARCHAR(255) NOT NULL UNIQUE,
  duracao BIGINT,
  album_id UUID REFERENCES albums(id),
  artista_id UUID REFERENCES artistas(id)
);

INSERT INTO artistas (id, nome) VALUES
('a1111111-1111-1111-1111-111111111111', 'Double-F the King'),
('b2222222-2222-2222-2222-222222222222', 'Cullah'),
('c7777777-7777-7777-7777-777777777777', 'Lowtone Music');

INSERT INTO albums (id, titulo, data_de_lancamento, capa_url, artista_id) VALUES
('c3333333-3333-3333-3333-333333333333', 'Heartstrings', '2021-01-01', 'musicas/Double-F the King/Heartstrings/cover.jpg', 'a1111111-1111-1111-1111-111111111111'),
('c5555555-5555-5555-5555-555555555555', 'Cullah The Wild', '2015-04-27', 'musicas/Cullah/Cullah The Wild/cover.jpg', 'b2222222-2222-2222-2222-222222222222'),
('c8888888-8888-8888-8888-888888888888', 'Coffee Time', '2009-08-17', 'musicas/Lowtone Music/Coffee Time/cover.jpg', 'c7777777-7777-7777-7777-777777777777');

INSERT INTO musicas (id, titulo, duracao, album_id, artista_id) VALUES
('d9999999-9999-9999-9999-999999999901', 'Missing My Babygirl', 200, 'c3333333-3333-3333-3333-333333333333', 'a1111111-1111-1111-1111-111111111111'),
('d9999999-9999-9999-9999-999999999902', 'Be My Girl', 200, 'c3333333-3333-3333-3333-333333333333', 'a1111111-1111-1111-1111-111111111111'),
('d9999999-9999-9999-9999-999999999903', 'For You', 200, 'c3333333-3333-3333-3333-333333333333', 'a1111111-1111-1111-1111-111111111111'),
('d9999999-9999-9999-9999-999999999904', 'Your Blessing', 200, 'c3333333-3333-3333-3333-333333333333', 'a1111111-1111-1111-1111-111111111111'),
('d9999999-9999-9999-9999-999999999905', 'Can''t Get Enough', 200, 'c3333333-3333-3333-3333-333333333333', 'a1111111-1111-1111-1111-111111111111'),
('d9999999-9999-9999-9999-999999999906', 'Dueling Duality', 200, 'c5555555-5555-5555-5555-555555555555', 'b2222222-2222-2222-2222-222222222222'),
('d9999999-9999-9999-9999-999999999907', 'Riverse', 200, 'c5555555-5555-5555-5555-555555555555', 'b2222222-2222-2222-2222-222222222222'),
('d9999999-9999-9999-9999-999999999908', 'The Fallow Fellow', 200, 'c5555555-5555-5555-5555-555555555555', 'b2222222-2222-2222-2222-222222222222'),
('d9999999-9999-9999-9999-999999999909', 'Neurosis Of The Liver', 200, 'c5555555-5555-5555-5555-555555555555', 'b2222222-2222-2222-2222-222222222222'),
('d9999999-9999-9999-9999-999999999910', 'Cold Kind of Woman Blues', 200, 'c5555555-5555-5555-5555-555555555555', 'b2222222-2222-2222-2222-222222222222'),
('d9999999-9999-9999-9999-999999999911', 'Where You Do Belong', 200, 'c5555555-5555-5555-5555-555555555555', 'b2222222-2222-2222-2222-222222222222'),
('d9999999-9999-9999-9999-999999999912', 'Rocket Mon', 200, 'c5555555-5555-5555-5555-555555555555', 'b2222222-2222-2222-2222-222222222222'),
('d9999999-9999-9999-9999-999999999913', 'Gone Away', 200, 'c5555555-5555-5555-5555-555555555555', 'b2222222-2222-2222-2222-222222222222'),
('d9999999-9999-9999-9999-999999999914', 'To The Rhythm of the Funk', 200, 'c5555555-5555-5555-5555-555555555555', 'b2222222-2222-2222-2222-222222222222'),
('d9999999-9999-9999-9999-999999999915', 'No Home', 200, 'c5555555-5555-5555-5555-555555555555', 'b2222222-2222-2222-2222-222222222222'),
('d9999999-9999-9999-9999-999999999916', 'Chill Calm Lofi', 200, 'c8888888-8888-8888-8888-888888888888', 'c7777777-7777-7777-7777-777777777777'),
('d9999999-9999-9999-9999-999999999917', 'Chillout Relax Lofi', 200, 'c8888888-8888-8888-8888-888888888888', 'c7777777-7777-7777-7777-777777777777'),
('d9999999-9999-9999-9999-999999999918', 'Lounge Lofi Chill', 200, 'c8888888-8888-8888-8888-888888888888', 'c7777777-7777-7777-7777-777777777777');
